accuracy,precision,recall,f1,roc_auc,model
0.5864710843894632,0.5684911215772577,0.9484466411135768,0.7108841351624133,0.6457887546224337,logistic_regression
0.5599128422509624,0.5494375073132407,0.9946237643736131,0.7078522230078712,0.6854794368895958,random_forest
