accuracy,precision,recall,f1,roc_auc,model
0.5845855104447257,0.5682413092937348,0.9373972174299061,0.7075640171346977,0.6453003275413782,logistic_regression
0.5845963283895326,0.5650981810544984,0.9773096441579144,0.7161217587373168,0.687849076628706,random_forest
