accuracy,precision,recall,f1,roc_auc,actual_delayed_rate,predicted_delayed_rate,tn,fp,fn,tp,model,best_f1_threshold,best_f1,best_f1_precision,best_f1_recall,best_f1_predicted_delayed_rate,balanced_rate_threshold,balanced_rate_precision,balanced_rate_recall,balanced_rate_f1,balanced_rate_predicted_delayed_rate
0.558400675039756,0.558400675039756,1.0,0.7166329994377225,,0.558400675039756,1.0,0,81642,0,103236,majority_baseline,,,,,,,,,,
0.6007529289585565,0.5904908352810924,0.9299275446549653,0.7223191982423932,0.6538688941319093,0.558400675039756,0.8793907333484785,15064,66578,7234,96002,logistic_regression,0.4,0.725882012724118,0.5790177850568614,0.9725677089387423,0.9379374506431268,0.8,0.6461191742540341,0.6942733155100934,0.6693312664008293,0.6000173087116909
0.6014398684537912,0.5857291225464314,0.9778662482079895,0.7326252689713231,0.6896596282819596,0.558400675039756,0.9322418027023226,10242,71400,2285,100951,random_forest,0.5,0.7326252689713231,0.5857291225464314,0.9778662482079895,0.9322418027023226,0.7,0.6851976691569626,0.7187221511875702,0.7015596412683255,0.5857213946494445
